session,Bubble,pro_share
1,69.25902181152182,0.25
2,57.498194251735924,0.25
3,48.00879322837656,0.5
4,38.90641753308421,0.5
5,11.799081805540142,0.75
6,16.448904613904617,0.75
7,8.834112037653707,1.0
8,3.6940017698351033,1.0
